<?xml version="1.0" encoding="UTF-8"  standalone="yes"?>
<Grpmappingattributes>
    <ldapserverType id="windows-ad">
        <attribute>
            <source>distinguishedname</source>
            <destination>FULLNAME</destination>
        </attribute>
        <attribute>
            <source>distinguishedname</source>
            <destination>DISTINGUISHEDNAME</destination>
        </attribute>
        <attribute>
            <source>cn</source>
            <destination>DISPLAYNAME</destination>
        </attribute>
        <attribute>
            <source>objectguid</source>
            <destination>UID</destination>
        </attribute>
        <attribute>
            <source>memberof</source>
            <destination>GROUPS</destination>
        </attribute>
        <attribute>
            <source>description</source>
            <destination>DESCRIPTION</destination>
        </attribute>
        <attribute>
            <source>mail</source>
            <destination>EMAIL</destination>
        </attribute>
    </ldapserverType>
    <ldapserverType id="apache-ds">
        <attribute>
            <source>distinguishedname</source>
            <destination>FULLNAME</destination>
        </attribute>
        <attribute>
            <source>cn</source>
            <destination>DISPLAYNAME</destination>
        </attribute>
        <attribute>
            <source>objectguid</source>
            <destination>UID</destination>
        </attribute>
        <attribute>
            <source>memberof</source>
            <destination>GROUPS</destination>
        </attribute>
        <attribute>
            <source>description</source>
            <destination>DESCRIPTION</destination>
        </attribute>
        <attribute>
            <source>cn</source>
            <destination>shortname</destination>
        </attribute>
    </ldapserverType>
    <ldapserverType id="open-dj">
        <attribute>
            <source>distinguishedname</source>
            <destination>FULLNAME</destination>
        </attribute>
        <attribute>
            <source>cn</source>
            <destination>DISPLAYNAME</destination>
        </attribute>
        <attribute>
            <source>objectguid</source>
            <destination>UID</destination>
        </attribute>
        <attribute>
            <source>memberof</source>
            <destination>GROUPS</destination>
        </attribute>
        <attribute>
            <source>description</source>
            <destination>DESCRIPTION</destination>
        </attribute>
        <attribute>
            <source>cn</source>
            <destination>shortname</destination>
        </attribute>
    </ldapserverType>
</Grpmappingattributes>