<?xml version="1.0" encoding="UTF-8"?>

<configuration>
	<timestamp key="synctimestamp" datePattern="yyyy-MM-dd'_'HH-mm-ss.SSS"/>

	<!-- Standard output to console -->
	<appender name="CONSOLE" class="ch.qos.logback.core.ConsoleAppender">
		<encoder class="ch.qos.logback.core.encoder.LayoutWrappingEncoder">
			<layout class="com.lexmark.saperion.utils.output.LdifLayout">
				<Pattern>[%thread] - %date{MMM dd HH:mm:ss} - %-5level - %message%n</Pattern>
			</layout>
		</encoder>
	</appender>

	<!-- Log all application messages -->
	<!-- this file is rotated every 10MB, compressed and 7 files are kept for history -->
	<appender name="LDAP-SAPERION-SYNC" class="ch.qos.logback.core.rolling.RollingFileAppender">
		<file>../log/ldap-saperion-sync-${synctimestamp}.log</file>

		<layout class="com.lexmark.saperion.utils.output.LdifLayout">
			<Pattern>[%thread] - %date{MMM dd HH:mm:ss} - %-5level - %message%n</Pattern>
		</layout>

		<rollingPolicy class="ch.qos.logback.core.rolling.FixedWindowRollingPolicy">
			<FileNamePattern>../log/ldap-saperion-sync-${synctimestamp}.log.%i.gz</FileNamePattern>
			<MinIndex>1</MinIndex>
			<MaxIndex>20</MaxIndex>
		</rollingPolicy>

		<triggeringPolicy class="ch.qos.logback.core.rolling.SizeBasedTriggeringPolicy">
			<MaxFileSize>20MB</MaxFileSize>
		</triggeringPolicy>
	</appender>
	<appender name="SYNC-SUMMARY" class="ch.qos.logback.core.rolling.RollingFileAppender">
		<file>../output/ldap-saperion-sync-summary-${synctimestamp}.log</file>
		<encoder>
			<Pattern>%message%n</Pattern>
		</encoder>
		<rollingPolicy class="ch.qos.logback.core.rolling.FixedWindowRollingPolicy">
			<FileNamePattern>../log/ldap-saperion-sync.log.%i.gz</FileNamePattern>
			<MinIndex>1</MinIndex>
			<MaxIndex>7</MaxIndex>
		</rollingPolicy>

		<triggeringPolicy class="ch.qos.logback.core.rolling.SizeBasedTriggeringPolicy">
			<MaxFileSize>10MB</MaxFileSize>
		</triggeringPolicy>
	</appender>

	<!-- Summary Messages -->
	<!-- additivity=false ensures syncsummary data only goes to the syncsummary log -->
	<logger name="syncsummary" level="INFO" additivity="false">
		<appender-ref ref="SYNC-SUMMARY"/>
	</logger>
	<!-- Root logger -->
	<root level="INFO">
		<appender-ref ref="LDAP-SAPERION-SYNC"/>
		<appender-ref ref="CONSOLE"/>
	</root>

</configuration>