<?xml version="1.0" ?>

<lsc xmlns="http://lsc-project.org/XSD/lsc-core-2.2.xsd" xmlns:saperion="lsc-saperion-plugin-1.0.xsd" revision="0">

 <connections>
	<pluginConnection>
      <name>saperion-dest-conn</name>
      <url></url>
      <username></username>
      <password></password>
      <pwdencodeflag>false</pwdencodeflag>
    </pluginConnection>
    <ldapConnection>
      <name>ldap-src-conn</name>
      <url>ldap://ads.mycompany.local:389/OU=SaperionTenant,DC=MYCOMPANY,DC=LOCAL</url>
      <username>CN=ldapLoginUser,OU=SaperionTenant,DC=MYCOMPANY,DC=LOCAL</username>
      <password>MySecretPassword</password>
      <pwdencodeflag>false</pwdencodeflag>
      <authentication>SIMPLE</authentication>
      <referral>IGNORE</referral>
      <derefAliases>NEVER</derefAliases>
      <version>VERSION_3</version>
      <pageSize>100000</pageSize>
      <factory>com.sun.jndi.ldap.LdapCtxFactory</factory>
      <tlsActivated>false</tlsActivated>
	   <binaryAttributes>
                <string>objectGUID</string>
                <string>objectSid</string>
      </binaryAttributes>
    </ldapConnection>
  </connections>

  <tasks>
     <task>
      <name>SaperionGroupSyncTask</name>
      <bean>com.lexmark.saperion.beans.SimpleBean</bean>
	  <ldapSourceService>
        <name>ldap-src-service-group</name>
        <connection reference="ldap-src-conn" />
        <baseDn>OU=SaperionTenant,DC=MYCOMPANY,DC=LOCAL</baseDn>
        <pivotAttributes>
          <string>distinguishedName</string>          	 
        </pivotAttributes>
        <fetchedAttributes>
          <string>description</string>
          <string>distinguishedName</string>
          <string>objectClass</string>
          <string>cn</string>
          <string>objectGUID</string> 
          <string>memberOf</string>
          <string>objectSid</string>
          <string>mail</string>
        </fetchedAttributes>

		<getAllFilter><![CDATA[(&(objectClass=group)(distinguishedName=*))]]></getAllFilter>
		<getOneFilter><![CDATA[(&(objectClass=group)(distinguishedName={distinguishedName}))]]></getOneFilter> 
        <cleanFilter><![CDATA[(&(objectClass=group)(distinguishedName={distinguishedName}))]]></cleanFilter>        		       
       </ldapSourceService>
	  
	  <pluginDestinationService implementationClass="com.lexmark.saperion.service.SaperionGroupMgmtService">
        <name>saperion-dest-service-group</name>
        <connection reference="saperion-dest-conn" />
        <saperion:filter>
       		<saperion:filterattribute>FULLNAME</saperion:filterattribute>
	       	<saperion:filtervalue>*</saperion:filtervalue>
        </saperion:filter>
      </pluginDestinationService>

      <propertiesBasedSyncOptions>
		<mainIdentifier>srcBean.getMainIdentifier()</mainIdentifier>
        <defaultDelimiter>;</defaultDelimiter>
        <defaultPolicy>FORCE</defaultPolicy>
        <conditions>
            <create>true</create>        	
            <update>true</update>
        	<delete>true</delete>
        	<changeId>false</changeId>
        </conditions>
      </propertiesBasedSyncOptions>
    </task>
    <task>
      <name>SaperionUserSyncTask</name>
      <bean>com.lexmark.saperion.beans.SimpleBean</bean>
	  <ldapSourceService>
        <name>ldap-src-service-user</name>
        <connection reference="ldap-src-conn" />
        <baseDn>OU=SaperionTenant,DC=MYCOMPANY,DC=LOCAL</baseDn>
        <pivotAttributes>
          <string>distinguishedName</string>        	 
        </pivotAttributes>
        <fetchedAttributes>
          <string>distinguishedName</string>
          <string>description</string>
          <string>objectClass</string>
          <string>sAMAccountName</string>
          <string>objectGUID</string>
          <string>memberOf</string>
          <string>objectSid</string>
          <string>mail</string>
          <string>userAccountControl</string>
          <string>userPrincipalName</string>
        </fetchedAttributes>
		     		       
		<getAllFilter><![CDATA[(&(objectClass=user)(distinguishedName=*))]]></getAllFilter>
		<getOneFilter><![CDATA[(&(objectClass=user)(distinguishedName={distinguishedName}))]]></getOneFilter> 
        <cleanFilter><![CDATA[(&(objectClass=user)(distinguishedName={distinguishedName}))]]></cleanFilter>        		       
       </ldapSourceService>
	  
	  <pluginDestinationService implementationClass="com.lexmark.saperion.service.SaperionUserMgmtService">
        <name>saperion-dest-service-user</name>
        <connection reference="saperion-dest-conn" />
       <saperion:filter>
       		<saperion:filterattribute>FULLNAME</saperion:filterattribute>
	       	<saperion:filtervalue>*</saperion:filtervalue>
        </saperion:filter>
      </pluginDestinationService>
	  

      <propertiesBasedSyncOptions>
		<mainIdentifier>srcBean.getMainIdentifier()</mainIdentifier>
        <defaultDelimiter>;</defaultDelimiter>
        <defaultPolicy>FORCE</defaultPolicy>
        <conditions>
            <create>true</create>        	
            <update>true</update>
        	<delete>true</delete>
        	<changeId>false</changeId>
        </conditions>
      </propertiesBasedSyncOptions>
    </task>
  </tasks>
</lsc>
