<?xml version="1.0" encoding="UTF-8"?>
<Usermappingattributes>
	<ldapserverType id="windows-ad">
		<attribute>
			<source>distinguishedname</source>
			<destination>FULLNAME</destination>
		</attribute>
		<attribute>
			<source>distinguishedname</source>
			<destination>DISTINGUISHEDNAME</destination>
		</attribute>
		<attribute>
			<source>samaccountname</source>
			<destination>DISPLAYNAME</destination>
		</attribute>
		<attribute>
			<source>objectguid</source>
			<destination>GUID</destination>
		</attribute>
		<attribute>
			<source>memberof</source>
			<destination>GROUPS</destination>
		</attribute>
		<attribute>
			<source>description</source>
			<destination>DESCRIPTION</destination>
		</attribute>
		<attribute>
			<source>objectsid</source>
			<destination>UID</destination>
		</attribute>
		<attribute>
			<source>mail</source>
			<destination>EMAIL</destination>
		</attribute>
		<attribute>
			<source>useraccountcontrol</source>
			<destination>LOCKED</destination>
		</attribute>
		<!-- <attribute> -->
			<!-- <source>userprincipalname</source> -->
			<!-- <destination>UPN</destination> -->
		<!-- </attribute> -->
	</ldapserverType>
	<ldapserverType id="apache-ds">
		<attribute>
			<source>cn</source>
			<destination>fullName</destination>
		</attribute>
		<attribute>
			<source>givenname</source>
			<destination>distinguishedName</destination>
		</attribute>
		<attribute>
			<source>uid</source>
			<destination>guid</destination>
		</attribute>
		<attribute>
			<source>description</source>
			<destination>description</destination>
		</attribute>
		<attribute>
			<source>sn</source>
			<destination>shortName</destination>
		</attribute>
	</ldapserverType>
	<ldapserverType id="open-dj">
		<attribute>
			<source>cn</source>
			<destination>fullName</destination>
		</attribute>
		<attribute>
			<source>givenname</source>
			<destination>distinguishedName</destination>
		</attribute>
		<attribute>
			<source>uid</source>
			<destination>guid</destination>
		</attribute>
		<attribute>
			<source>description</source>
			<destination>description</destination>
		</attribute>
		<attribute>
			<source>sn</source>
			<destination>shortName</destination>
		</attribute>
	</ldapserverType>
</Usermappingattributes>